ธรแาพ,Company Common Name,ESG Combined Score,Environmental Pillar Score,Social Pillar Score,Governance Pillar Score,ESG Controversies Score
2S.BK,2S Metal PCL,NULL,NULL,NULL,NULL,NULL
AH.BK,AAPICO Hitech PCL,34.49375292,22.05308353,27.3598343,64.07798463,100
ACE.BK,Absolute Clean Energy PCL,43.3561562,27.90139662,45.08790399,67.37797536,100
ACC.BK,Advanced Connection Corporation PCL,NULL,NULL,NULL,NULL,NULL
ADVANC.BK,Advanced Info Service PCL,70.60939237,43.38381371,74.12243878,84.43672625,100
AIT.BK,Advanced Information Technology Public Company Limited,NULL,NULL,NULL,NULL,NULL
AEONTS.BK,Aeon Thana Sinsap Thailand PCL,28.29522464,8.097323906,37.25991696,24.02303109,100
APURE.BK,Agripure Holdings PCL,NULL,NULL,NULL,NULL,NULL
AIE.BK,AI Energy PCL,NULL,NULL,NULL,NULL,NULL
AHC.BK,Aikchol Hospital PCL,NULL,NULL,NULL,NULL,NULL
AIMCGu.BK,Aim Commercial Growth Freehold and Leasehold Real Estate Investment Trust,NULL,NULL,NULL,NULL,NULL
AIMIRTu.BK,AIM Industrial Growth Freehold and Leasehold Real Estate Investment Trust,NULL,NULL,NULL,NULL,NULL
AOT.BK,Airports of Thailand PCL,51.08066629,36.58223472,66.72881673,42.32935075,100
AJA.BK,AJ Advance Technology PCL,NULL,NULL,NULL,NULL,NULL
AJ.BK,AJ Plast PCL,NULL,NULL,NULL,NULL,NULL
AKS.BK,AKS Corporation PCL,NULL,NULL,NULL,NULL,NULL
ALLA.BK,Alla PCL,NULL,NULL,NULL,NULL,NULL
AYUD.BK,Allianz Ayudhya Capital PCL,NULL,NULL,NULL,NULL,NULL
ALLYu.BK,Ally Leasehold Real Estate Investment Trust,NULL,NULL,NULL,NULL,NULL
ALT.BK,ALT Telecom PCL,NULL,NULL,NULL,NULL,NULL
ALUCON.BK,Alucon PCL,NULL,NULL,NULL,NULL,NULL
AMANAH.BK,Amanah Leasing PCL,NULL,NULL,NULL,NULL,NULL
AMARIN.BK,Amarin Printing and Publishing PCL,NULL,NULL,NULL,NULL,NULL
AMATA.BK,Amata Corporation PCL,75.2928015,79.79616886,71.4677448,75.14710876,100
AMATARu.BK,Amata Summit Growth Freehold and Leasehold Real Estate Investment Trust,NULL,NULL,NULL,NULL,NULL
AMATAV.BK,Amata VN PCL,77.21391491,69.07663779,81.13151949,80.77058442,100
AMR.BK,AMR Asia PCL,NULL,NULL,NULL,NULL,NULL
ANAN.BK,Ananda Development PCL,NULL,NULL,NULL,NULL,NULL
AP.BK,AP Thailand PCL,18.91859331,4.241645244,32.26395243,18.42641474,100
AQUA.BK,Aqua Corporation PCL,NULL,NULL,NULL,NULL,NULL
A.BK,Areeya Property PCL,NULL,NULL,NULL,NULL,NULL
ASEFA.BK,Asefa PCL,NULL,NULL,NULL,NULL,NULL
AAV.BK,Asia Aviation PCL,44.20358403,53.91304348,47.79009978,28.24303047,100
AFC.BK,Asia Fiber PCL,NULL,NULL,NULL,NULL,NULL
AGE.BK,Asia Green Energy PCL,NULL,NULL,NULL,NULL,NULL
ASIA.BK,Asia Hotel PCL,NULL,NULL,NULL,NULL,NULL
AMC.BK,Asia Metal PCL,NULL,NULL,NULL,NULL,NULL
ASP.BK,Asia Plus Group Holdings PCL,NULL,NULL,NULL,NULL,NULL
APCS.BK,Asia Precision PCL,NULL,NULL,NULL,NULL,NULL
ASK.BK,Asia Sermkij Leasing PCL,NULL,NULL,NULL,NULL,NULL
AAI.BK,Asian Alliance International PCL,NULL,NULL,NULL,NULL,NULL
AI.BK,Asian Insulators PCL,NULL,NULL,NULL,NULL,NULL
ASIMAR.BK,Asian Marine Services PCL,NULL,NULL,NULL,NULL,NULL
APCO.BK,Asian Phytoceuticals PCL,NULL,NULL,NULL,NULL,NULL
ASIAN.BK,Asian Sea Corporation PCL,24.15057529,16.37617533,28.68441655,24.86894508,100
AS.BK,Asphere Innovations PCL,NULL,NULL,NULL,NULL,NULL
AWC.BK,Asset World Corp PCL,65.47038844,61.0410831,68.58080015,64.79114569,100
ASW.BK,Assetwise PCL,NULL,NULL,NULL,NULL,NULL
AURA.BK,Aurora Design PCL,NULL,NULL,NULL,NULL,NULL
ACG.BK,Autocorp Holding PCL,NULL,NULL,NULL,NULL,NULL
B52.BK,B-52 Capital PCL,NULL,NULL,NULL,NULL,NULL
BAREITu.BK,Ba Airport Leasehold Real Estate Investment Trust,NULL,NULL,NULL,NULL,NULL
BROCK.BK,Baan Rock Garden PCL,NULL,NULL,NULL,NULL,NULL
BCP.BK,Bangchak Corporation PCL,82.72321771,91.34689712,88.39291883,59.96418758,100
BA.BK,Bangkok Airways PCL,NULL,NULL,NULL,NULL,NULL
BAFS.BK,Bangkok Aviation Fuel Services PCL,55.21875494,53.01677018,61.50647351,47.95776605,100
BBL.BK,Bangkok Bank PCL,59.932503,65.58711357,88.81777374,17.87317465,100
BCH.BK,Bangkok Chain Hospital PCL,26.00366831,16.97232218,32.34035613,22.91531598,100
BAM.BK,Bangkok Commercial Asset Management PCL,50.56041598,27.85322297,80.20260609,32.34139113,100
BKKCPu.BK,Bangkok Commercial Property Fund,NULL,NULL,NULL,NULL,NULL
BKD.BK,Bangkok Dec-Con PCL,NULL,NULL,NULL,NULL,NULL
BDMS.BK,Bangkok Dusit Medical Services PCL,62.25994903,77.89177979,83.9003917,28.47550245,100
BEM.BK,Bangkok Expressway and Metro PCL,42.29522295,49.92746515,49.03250503,24.19036152,100
BKI.BK,Bangkok Insurance PCL,NULL,NULL,NULL,NULL,NULL
BLAND.BK,Bangkok Land PCL,NULL,NULL,NULL,NULL,NULL
BLA.BK,Bangkok Life Assurance PCL,52.26394195,38.01332815,66.29628483,40.64307987,100
BR.BK,Bangkok Ranch PCL,NULL,NULL,NULL,NULL,NULL
BUI.BK,Bangkok Union Insurance PCL,NULL,NULL,NULL,NULL,NULL
BSBM.BK,Bangsaphan Barmill PCL,NULL,NULL,NULL,NULL,NULL
BAY.BK,Bank of Ayudhya PCL,68.11223919,59.671178,79.69675875,55.52777006,100
BANPU.BK,Banpu PCL,83.40864412,92.16928216,86.3039297,68.78176037,100
BPP.BK,Banpu Power PCL,69.59240763,67.71560139,70.10450258,72.11725479,100
BBGI.BK,BBGI PCL,NULL,NULL,NULL,NULL,NULL
BCPG.BK,BCPG PCL,37.79641105,40.68750705,44.79066671,23.78901547,100
BEAUTY.BK,Beauty Community PCL,NULL,NULL,NULL,NULL,NULL
BEC.BK,BEC World PCL,61.73024866,48.4230339,60.54924743,67.72097187,100
B.BK,Begistics PCL,NULL,NULL,NULL,NULL,NULL
BJC.BK,Berli Jucker PCL,65.24781495,78.62439269,81.16141441,37.38754592,100
BTG.BK,Betagro PCL,NULL,NULL,NULL,NULL,NULL
BWG.BK,Better World Green PCL,51.53635145,31.33309351,51.38042818,65.87786731,100
BYD.BK,Beyond Securities PCL,NULL,NULL,NULL,NULL,NULL
BGC.BK,BG Container Glass PCL,32.97914278,26.90783011,30.45087114,46.57250471,100
BGRIM.BK,BGrimm Power PCL,64.18269939,54.96712981,55.86947823,90.65635516,100
BOFFICEu.BK,Bhiraj Office Leasehold Real Estate Investment Trust,NULL,NULL,NULL,NULL,NULL
BIG.BK,BIG Camera Corporation PCL,NULL,NULL,NULL,NULL,NULL
BIOTEC.BK,Bio Green Energy Tech PCL,NULL,NULL,NULL,NULL,NULL
BCT.BK,Birla Carbon (Thailand) PCL,NULL,NULL,NULL,NULL,NULL
BJCHI.BK,BJC Heavy Industries PCL,NULL,NULL,NULL,NULL,NULL
BEYOND.BK,Bound and Beyond PCL,NULL,NULL,NULL,NULL,NULL
BTNC.BK,Boutique Newcity PCL,NULL,NULL,NULL,NULL,NULL
BRI.BK,Britania PCL,NULL,NULL,NULL,NULL,NULL
BTS.BK,BTS Group Holdings PCL,80.17362609,61.02766798,94.50352537,80.13738384,100
BTSGIFu.BK,BTS Rail Mass Transit Growth Infrastructure Fund,NULL,NULL,NULL,NULL,NULL
B-WORKu.BK,Bualuang Office Leasehold Real Estate Investment Trust,NULL,NULL,NULL,NULL,NULL
BH.BK,Bumrungrad Hospital PCL,56.48599701,49.03860678,68.44153347,45.86304838,100
BRRGIFu.BK,Buriram Sugar Group Power Plant Infrastructure Fund,NULL,NULL,NULL,NULL,NULL
BRR.BK,Buriram Sugar PCL,NULL,NULL,NULL,NULL,NULL
BIZ.BK,Business Alignment PCL,NULL,NULL,NULL,NULL,NULL
CCET.BK,Cal-Comp Electronics Thailand PCL,NULL,NULL,NULL,NULL,NULL
CEN.BK,Capital Engineering Network PCL,NULL,NULL,NULL,NULL,NULL
CBG.BK,Carabao Group PCL,19.87961597,11.16116116,23.5689591,23.55746967,100
CPH.BK,Castle Peak Holdings PCL,NULL,NULL,NULL,NULL,NULL
CTARAFu.BK,Centara Hotels & Resorts Leasehold Property Fund,NULL,NULL,NULL,NULL,NULL
CPN.BK,Central Pattana PCL,71.67162889,79.63428046,94.82044855,38.51069742,100
CENTEL.BK,Central Plaza Hotel PCL,77.39004615,86.37047412,76.96635739,69.9431941,100
CRC.BK,Central Retail Corporation PCL,51.65857719,51.36751413,69.39701162,33.77821,100
CK.BK,CH Karnchang PCL,43.81709568,23.20401365,71.92031481,33.95541972,100
CWT.BK,Chai Watana Tannery Group PCL,NULL,NULL,NULL,NULL,NULL
CMC.BK,Chaopraya Mahanakorn PCL,NULL,NULL,NULL,NULL,NULL
CHARAN.BK,Charan Insurance PCL,NULL,NULL,NULL,NULL,NULL
CI.BK,Charn Issara Development PCL,NULL,NULL,NULL,NULL,NULL
CPF.BK,Charoen Pokphand Foods PCL,64.2844333,66.44498616,80.6502935,33.6312556,100
CTW.BK,Charoong Thai Wire & Cable PCL,NULL,NULL,NULL,NULL,NULL
CHASE.BK,Chase Asia PCL,NULL,NULL,NULL,NULL,NULL
CHAYO.BK,Chayo Group PCL,NULL,NULL,NULL,NULL,NULL
CMAN.BK,Chememan PCL,NULL,NULL,NULL,NULL,NULL
CMR.BK,Chiang Mai Ram Medical Business PCL,NULL,NULL,NULL,NULL,NULL
CM.BK,Chiangmai Frozen Foods PCL,NULL,NULL,NULL,NULL,NULL
CH.BK,Chin Huay PCL,NULL,NULL,NULL,NULL,NULL
CCP.BK,Chonburi Concrete Product PCL,NULL,NULL,NULL,NULL,NULL
CNT.BK,Christiani & Nielsen Thai PCL,NULL,NULL,NULL,NULL,NULL
CRANE.BK,Chu Kai PCL,NULL,NULL,NULL,NULL,NULL
CHG.BK,Chularat Hospital PCL,59.63845994,49.60504687,52.42106151,73.31604458,100
CPI.BK,Chumporn Palm Oil Industry PCL,NULL,NULL,NULL,NULL,NULL
CIMBT.BK,CIMB Thai Bank PCL,52.96714317,68.64224081,55.83567967,42.74489827,100
CSR.BK,City Sports and Recreation PCL,NULL,NULL,NULL,NULL,NULL
CITY.BK,City Steel PCL,NULL,NULL,NULL,NULL,NULL
CIVIL.BK,Civil Engineering PCL,NULL,NULL,NULL,NULL,NULL
CKP.BK,CK Power PCL,75.94038724,84.61173358,76.59322762,60.35040598,100
CV.BK,Clover Power PCL,NULL,NULL,NULL,NULL,NULL
COM7.BK,Com7 PCL,53.58039797,29.54646018,67.31461054,50.33713068,100
CSS.BK,Communication & System Solution PCL,NULL,NULL,NULL,NULL,NULL
CPW.BK,Copperwired PCL,NULL,NULL,NULL,NULL,NULL
CGD.BK,Country Group Development PCL,NULL,NULL,NULL,NULL,NULL
CGH.BK,Country Group Holdings PCL,NULL,NULL,NULL,NULL,NULL
CPALL.BK,CP All PCL,61.57139995,72.51355109,78.48545645,25.84915563,100
CPTGFu.BK,CP Tower Growth Leasehold Property Fund,NULL,NULL,NULL,NULL,NULL
CPL.BK,CPL Group PCL,NULL,NULL,NULL,NULL,NULL
CPNCGu.BK,CPN Commercial Growth Leasehold Property Fund,NULL,NULL,NULL,NULL,NULL
CPNREITu.BK,CPN Retail Growth Leasehold REIT,NULL,NULL,NULL,NULL,NULL
CPT.BK,CPT Drives And Power PCL,NULL,NULL,NULL,NULL,NULL
CSC.BK,Crown Seal PCL,31.42840046,9.815055159,49.37856057,34.15331419,100
CSP.BK,CSP Steel Center PCL,NULL,NULL,NULL,NULL,NULL
DCON.BK,DCON Products PCL,NULL,NULL,NULL,NULL,NULL
DELTA.BK,Delta Electronics Thailand PCL,91.05550247,97.02173443,87.08655906,89.09974993,100
DEMCO.BK,Demco PCL,NULL,NULL,NULL,NULL,NULL
TIPH.BK,Dhipaya Group Holdings PCL,NULL,NULL,NULL,NULL,NULL
DRT.BK,Diamond Building Products PCL,36.59390843,23.19467691,56.98959233,31.14537989,100
DIFu.BK,Digital Telecommunications Infrastructure Fund,NULL,NULL,NULL,NULL,NULL
DDD.BK,Do Day Dream PCL,NULL,NULL,NULL,NULL,NULL
DOHOME.BK,Dohome PCL,37.41390399,6.933876326,37.57208827,52.47815751,100
DMT.BK,Don Muang Tollway PCL,NULL,NULL,NULL,NULL,NULL
DTCENT.BK,DTC Enterprise PCL,NULL,NULL,NULL,NULL,NULL
DTCI.BK,DTC Industries PCL,NULL,NULL,NULL,NULL,NULL
DREITu.BK,Dusit Thani Freehold and Leasehold Real Estate Investment Trust,NULL,NULL,NULL,NULL,NULL
DUSIT.BK,Dusit Thani PCL,NULL,NULL,NULL,NULL,NULL
DCC.BK,Dynasty Ceramic PCL,NULL,NULL,NULL,NULL,NULL
ETC.BK,Earth Tech Environment PCL,NULL,NULL,NULL,NULL,NULL
EASON.BK,Eason & Co PCL,NULL,NULL,NULL,NULL,NULL
ECL.BK,Eastern Commercial Leasing PCL,NULL,NULL,NULL,NULL,NULL
EPG.BK,Eastern Polymer Group PCL,42.10940349,31.11696019,60.34558683,30.62918712,100
EP.BK,Eastern Power Group PCL,NULL,NULL,NULL,NULL,NULL
ESTAR.BK,Eastern Star Real Estate PCL,NULL,NULL,NULL,NULL,NULL
EASTW.BK,Eastern Water Resources Development and Management PCL,54.08175101,46.93078514,74.98048471,41.04380847,100
EKH.BK,Ekachai Medical Care PCL,NULL,NULL,NULL,NULL,NULL
AKR.BK,Ekarat Engineering PCL,NULL,NULL,NULL,NULL,NULL
EGCO.BK,Electricity Generating PCL,63.36313254,54.21229043,83.21251144,53.11537155,100
EMC.BK,EMC PCL,NULL,NULL,NULL,NULL,NULL
EA.BK,Energy Absolute PCL,58.48813221,59.64526161,61.9787055,51.98326696,71.11111111
ERW.BK,Erawan Group PCL,51.59149213,49.66023446,44.1900504,64.43178661,100
ERWPFu.BK,Erawan Hotel Growth Property Fund,NULL,NULL,NULL,NULL,NULL
ESSO.BK,Esso Thailand PCL,47.03577934,32.60998523,61.69248555,42.05581797,100
EE.BK,Eternal Energy PCL,NULL,NULL,NULL,NULL,NULL
EVER.BK,Everland PCL,NULL,NULL,NULL,NULL,NULL
FANCY.BK,Fancy Wood Industries PCL,NULL,NULL,NULL,NULL,NULL
FE.BK,Far East Fame Line DDB PCL,NULL,NULL,NULL,NULL,NULL
FSS.BK,Finansia Syrus Securities PCL,NULL,NULL,NULL,NULL,NULL
FMT.BK,Fine Metal Technologies PCL,NULL,NULL,NULL,NULL,NULL
FTE.BK,Firetrade Engineering PCL,NULL,NULL,NULL,NULL,NULL
FN.BK,FN Factory Outlet PCL,NULL,NULL,NULL,NULL,NULL
FNS.BK,FNS Holdings PCL,NULL,NULL,NULL,NULL,NULL
FND.BK,Food and Drinks PCL,NULL,NULL,NULL,NULL,NULL
FORTH.BK,Forth Corporation PCL,NULL,NULL,NULL,NULL,NULL
FPT.BK,Frasers Property (Thailand) PCL,66.0287355,74.97004853,81.94063687,39.88237473,72.5
FTREITu.BK,Frasers Property Thailand Industrial Freehold & Leasehold REIT,NULL,NULL,NULL,NULL,NULL
FTI.BK,Function International PCL,NULL,NULL,NULL,NULL,NULL
FUTUREPFu.BK,Future Park Leasehold Property Fund,NULL,NULL,NULL,NULL,NULL
GJS.BK,G J Steel PCL,NULL,NULL,NULL,NULL,NULL
GABLE.BK,G-Able PCL,NULL,NULL,NULL,NULL,NULL
GEL.BK,General Engineering PCL,NULL,NULL,NULL,NULL,NULL
GENCO.BK,General Environmental Conservation PCL,NULL,NULL,NULL,NULL,NULL
GFPT.BK,GFPT PCL,62.00182117,50.28452917,72.8601299,56.13009787,100
GC.BK,Global Connections PCL,NULL,NULL,NULL,NULL,NULL
GLOCON.BK,Global Consumer PCL,NULL,NULL,NULL,NULL,NULL
GGC.BK,Global Green Chemicals PCL,NULL,NULL,NULL,NULL,NULL
GPSC.BK,Global Power Synergy PCL,60.95092585,54.38736101,87.27120399,37.89262449,100
GBX.BK,Globlex Holding Management PCL,NULL,NULL,NULL,NULL,NULL
GRAMMY.BK,GMM Grammy PCL,NULL,NULL,NULL,NULL,NULL
SUTHA.BK,Golden Lime PCL,NULL,NULL,NULL,NULL,NULL
GVREITu.BK,Golden Ventures Leasehold Real Estate Investment Trust,NULL,NULL,NULL,NULL,NULL
GYT.BK,Goodyear Thailand PCL,NULL,NULL,NULL,NULL,NULL
GLAND.BK,Grand Canal Land PCL,NULL,NULL,NULL,NULL,NULL
GPI.BK,Grand Prix International PCL,NULL,NULL,NULL,NULL,NULL
GRAND.BK,Grande Asset Hotels and Property PCL,NULL,NULL,NULL,NULL,NULL
GAHREITu.BK,Grande Hospitality Real Estate Investment Trust,NULL,NULL,NULL,NULL,NULL
GROREITu.BK,Grande Royal Orchid Hospitality REIT,NULL,NULL,NULL,NULL,NULL
GIFT.BK,Gratitude Infinite PCL,NULL,NULL,NULL,NULL,NULL
GREEN.BK,Green Resources PCL,NULL,NULL,NULL,NULL,NULL
GULF.BK,Gulf Energy Development PCL,54.75296568,65.63951843,61.67959415,27.24120898,100
GUNKUL.BK,Gunkul Engineering PCL,72.52289212,63.42034174,66.86885727,95.34747306,100
HTC.BK,Haad Thip PCL,46.34651172,54.35387567,53.41527672,23.73900157,100
HTECH.BK,Halcyon Technology PCL,NULL,NULL,NULL,NULL,NULL
HANA.BK,Hana Microelectronics PCL,43.74043816,33.90891186,60.01301096,28.68852459,100
HPFu.BK,Hemaraj Industrial Property and Leasehold Fund,NULL,NULL,NULL,NULL,NULL
HENG.BK,Heng Leasing and Capital PCL,NULL,NULL,NULL,NULL,NULL
HMPRO.BK,Home Product Center PCL,65.43550251,79.59204484,92.75139805,28.0062363,100
HUMAN.BK,Humanica PCL,NULL,NULL,NULL,NULL,NULL
HFT.BK,Hwa Fong Rubber Thailand PCL,NULL,NULL,NULL,NULL,NULL
HYDROGENu.BK,Hydrogen Freehold and Leasehold Real Estate Investment Trust,NULL,NULL,NULL,NULL,NULL
ICC.BK,ICC International PCL,NULL,NULL,NULL,NULL,NULL
ICHI.BK,Ichitan Group PCL,NULL,NULL,NULL,NULL,NULL
IFS.BK,IFS Capital Thailand PCL,NULL,NULL,NULL,NULL,NULL
IMPACTu.BK,IMPACT Growth Real Estate Investment Trust,NULL,NULL,NULL,NULL,NULL
INSURE.BK,Indara Insurance PCL,NULL,NULL,NULL,NULL,NULL
ILM.BK,Index Living Mall PCL,NULL,NULL,NULL,NULL,NULL
IVL.BK,Indorama Ventures PCL,39.01523741,71.42180579,73.43781367,63.17156,7.692307692
INETREITu.BK,INET Leasehold Real Estate Investment,NULL,NULL,NULL,NULL,NULL
INSET.BK,Infraset PCL,NULL,NULL,NULL,NULL,NULL
INGRS.BK,Ingress Industrial Thailand PCL,NULL,NULL,NULL,NULL,NULL
IRC.BK,Inoue Rubber Thailand PCL,49.62667159,48.00080596,54.85534619,42.98508845,100
IHL.BK,Interhides PCL,NULL,NULL,NULL,NULL,NULL
ILINK.BK,Interlink Communication PCL,46.52028722,43.72960206,32.91647741,75.94300886,100
ITEL.BK,Interlink Telecom PCL,41.18220718,31.56279344,48.51084704,33.85909666,100
INET.BK,Internet Thailand PCL,NULL,NULL,NULL,NULL,NULL
INTUCH.BK,Intouch Holdings PCL,43.18655022,18.83257266,40.50236829,67.24120898,100
IRPC.BK,IRPC PCL,81.10865758,83.30968824,81.47699466,77.2236115,100
IT.BK,IT City PCL,NULL,NULL,NULL,NULL,NULL
ITC.BK,i-Tail Corporation PCL,NULL,NULL,NULL,NULL,NULL
ITD.BK,Italian Thai Development PCL,NULL,NULL,NULL,NULL,NULL
JR.BK,J.R.W. Utility PCL,NULL,NULL,NULL,NULL,NULL
JCT.BK,Jack Chia Industries Thailand PCL,NULL,NULL,NULL,NULL,NULL
J.BK,JAS Asset PCL,NULL,NULL,NULL,NULL,NULL
JASIFu.BK,Jasmine Broadband Internet Infrastructure Fund,NULL,NULL,NULL,NULL,NULL
JAS.BK,Jasmine International PCL,25.13562255,5.690720135,10.51875621,69.35831854,100
JTS.BK,Jasmine Technology Solution PCL,NULL,NULL,NULL,NULL,NULL
JMART.BK,Jaymart Group Holdings PCL,35.36589469,3.352490421,17.4910444,71.2335416,100
JCK.BK,JCK International PCL,NULL,NULL,NULL,NULL,NULL
JDF.BK,JD Food PCL,NULL,NULL,NULL,NULL,NULL
JKN.BK,JKN Global Group PCL,NULL,NULL,NULL,NULL,NULL
JMT.BK,JMT Network Services PCL,12.79615461,0,16.13831716,13.30985915,100
KYE.BK,Kang Yong Electric PCL,NULL,NULL,NULL,NULL,NULL
KAMART.BK,Karmarts PCL,NULL,NULL,NULL,NULL,NULL
KTIS.BK,Kaset Thai International Sugar Corporation PCL,NULL,NULL,NULL,NULL,NULL
KBANK.BK,Kasikornbank PCL,67.64276662,67.5388406,90.68037923,35.94362632,100
KCE.BK,KCE Electronics PCL,48.96640726,17.93959678,64.82880449,60.0256244,100
KEX.BK,Kerry Express (Thailand) PCL,64.63751352,57.73397283,73.55069227,61.33462999,100
KGI.BK,KGI Securities Thailand PCL,NULL,NULL,NULL,NULL,NULL
KSL.BK,Khon Kaen Sugar Industry PCL,NULL,NULL,NULL,NULL,NULL
KBS.BK,Khonburi Sugar PCL,NULL,NULL,NULL,NULL,NULL
KBSPIFu.BK,Khonburi Sugar Power Plant Infrastructure Fund,NULL,NULL,NULL,NULL,NULL
CHOTI.BK,Kiang Huat Sea Gull Trading Frozen Food PCL,NULL,NULL,NULL,NULL,NULL
KKP.BK,Kiatnakin Phatra Bank PCL,78.89196229,77.33898388,81.76598106,75.55339446,100
KIAT.BK,Kiattana Transport PCL,NULL,NULL,NULL,NULL,NULL
KPNPFu.BK,KPN Property Fund,NULL,NULL,NULL,NULL,NULL
KTB.BK,Krung Thai Bank PCL,70.73225362,62.71007117,92.77728924,43.56796641,100
KWC.BK,Krungdhep Sophon PCL,NULL,NULL,NULL,NULL,NULL
KCAR.BK,Krungthai Car Rent and Lease PCL,NULL,NULL,NULL,NULL,NULL
KTC.BK,Krungthai Card PCL,49.6894447,36.99287145,77.86086071,15.95412306,100
KTBSTMRu.BK,Ktbst Mixed Freehold and Leasehold Real Estate Investment Trust,NULL,NULL,NULL,NULL,NULL
KWI.BK,KWI PCL,NULL,NULL,NULL,NULL,NULL
LPH.BK,Ladprao General Hospital PCL,NULL,NULL,NULL,NULL,NULL
LRH.BK,Laguna Resorts and Hotels PCL,NULL,NULL,NULL,NULL,NULL
LALIN.BK,Lalin Property PCL,NULL,NULL,NULL,NULL,NULL
LST.BK,Lam Soon Thailand PCL,NULL,NULL,NULL,NULL,NULL
LHPFu.BK,Land and Houses Freehold and Leasehold Property Fund,NULL,NULL,NULL,NULL,NULL
LH.BK,Land and Houses PCL,33.5531916,23.34549622,48.76245683,26.6904387,100
LANNA.BK,Lanna Resources PCL,NULL,NULL,NULL,NULL,NULL
LEE.BK,Lee Feed Mill PCL,NULL,NULL,NULL,NULL,NULL
LHFG.BK,LH Financial Group PCL,53.97835908,45.21398729,63.26314552,44.69173536,100
LHHOTELu.BK,LH Hotel Leasehold Real Estate Investment Trust,NULL,NULL,NULL,NULL,NULL
LHSCu.BK,LH Shopping Centers Leasehold Real Estate Investment Trust,NULL,NULL,NULL,NULL,NULL
LNE.BK,Lighting and Equipment PCL,NULL,NULL,NULL,NULL,NULL
LHK.BK,Lohakit Metal PCL,NULL,NULL,NULL,NULL,NULL
LPFu.BK,Lotus's Retail Growth Freehold and Leasehold Property Fund,NULL,NULL,NULL,NULL,NULL
LOXLEY.BK,Loxley PCL,NULL,NULL,NULL,NULL,NULL
LPN.BK,LPN Development PCL,11.55588975,0,25.94054642,6.903460838,100
LUXFu.BK,Luxury Real Estate Investment Fund,NULL,NULL,NULL,NULL,NULL
MPIC.BK,M Pictures Entertainment PCL,NULL,NULL,NULL,NULL,NULL
M-CHAI.BK,Mahachai Hospital PCL,NULL,NULL,NULL,NULL,NULL
MAJOR.BK,Major Cineplex Group PCL,40.86539967,8.605664488,46.94638379,60.77768516,100
MJLFu.BK,Major Cineplex Lifestyle Leasehold Property Fund,NULL,NULL,NULL,NULL,NULL
MJD.BK,Major Development PCL,NULL,NULL,NULL,NULL,NULL
MALEE.BK,Malee Group PCL,NULL,NULL,NULL,NULL,NULL
MANRIN.BK,Mandarin Hotel PCL,NULL,NULL,NULL,NULL,NULL
MACO.BK,Master Ad PCL,NULL,NULL,NULL,NULL,NULL
MATCH.BK,Matching Maximize Solution PCL,NULL,NULL,NULL,NULL,NULL
MATI.BK,Matichon PCL,NULL,NULL,NULL,NULL,NULL
MST.BK,Maybank Securities Thailand PCL,NULL,NULL,NULL,NULL,NULL
MBK.BK,MBK PCL,NULL,NULL,NULL,NULL,NULL
MC.BK,MC Group PCL,NULL,NULL,NULL,NULL,NULL
MCOT.BK,MCOT PCL,NULL,NULL,NULL,NULL,NULL
MCS.BK,MCS Steel PCL,NULL,NULL,NULL,NULL,NULL
MDX.BK,MDX PCL,NULL,NULL,NULL,NULL,NULL
MEGA.BK,Mega Lifesciences PCL,60.72254604,65.84396296,83.8554263,22.39603594,100
MENA.BK,Mena Transport PCL,NULL,NULL,NULL,NULL,NULL
MSC.BK,Metro Systems Corporation PCL,54.31760685,48.8896094,78.27178124,30.41585626,100
MFC.BK,MFC Asset Management PCL,NULL,NULL,NULL,NULL,NULL
M-IIu.BK,MFC Industrial Investment Property and Leasehold Fund,NULL,NULL,NULL,NULL,NULL
MITu.BK,MFC Industrial Real Estate Investment Trust,NULL,NULL,NULL,NULL,NULL
M-PATu.BK,MFC Patong Heritage Property Fund,NULL,NULL,NULL,NULL,NULL
M-STORu.BK,MFC Strategic Storage Fund,NULL,NULL,NULL,NULL,NULL
MNITu.BK,MFC-Nichada Thani Property Fund,NULL,NULL,NULL,NULL,NULL
MFEC.BK,MFEC PCL,NULL,NULL,NULL,NULL,NULL
MICRO.BK,Micro Leasing PCL,NULL,NULL,NULL,NULL,NULL
MIDA.BK,Mida Assets PCL,NULL,NULL,NULL,NULL,NULL
ML.BK,Mida Leasing PCL,NULL,NULL,NULL,NULL,NULL
MILL.BK,Millcon Steel PCL,NULL,NULL,NULL,NULL,NULL
MGC.BK,Millennium Group Corporation Asia PCL,NULL,NULL,NULL,NULL,NULL
MIPFu.BK,Millionaire Property Fund,NULL,NULL,NULL,NULL,NULL
MINT.BK,Minor International PCL,91.70618902,95.76846139,88.70334276,92.55441326,100
MK.BK,MK Real Estate Development PCL,NULL,NULL,NULL,NULL,NULL
M.BK,MK Restaurant Group PCL,NULL,NULL,NULL,NULL,NULL
MODERN.BK,Modernform Group PCL,NULL,NULL,NULL,NULL,NULL
MONO.BK,Mono Next PCL,NULL,NULL,NULL,NULL,NULL
MOSHI.BK,Moshi Moshi Retail Corporation PCL,NULL,NULL,NULL,NULL,NULL
MTI.BK,Muang Thai Insurance PCL,NULL,NULL,NULL,NULL,NULL
MTC.BK,Muangthai Capital PCL,59.64436939,17.53190675,55.19861564,82.61461517,100
MNRFu.BK,Multi-National Residence Fund,NULL,NULL,NULL,NULL,NULL
METCO.BK,Muramoto Electron Thailand PCL,NULL,NULL,NULL,NULL,NULL
NYT.BK,Namyong Terminal PCL,58.46228775,42.64984789,60.88574061,71.12623877,100
NATION.BK,Nation Group (Thailand) PCL,NULL,NULL,NULL,NULL,NULL
NNCL.BK,Nava Nakorn PCL,NULL,NULL,NULL,NULL,NULL
NKI.BK,Navakij Insurance PCL,NULL,NULL,NULL,NULL,NULL
NWR.BK,Nawarat Patanakarn PCL,NULL,NULL,NULL,NULL,NULL
NCH.BK,NC Housing PCL,NULL,NULL,NULL,NULL,NULL
NC.BK,Newcity (Bangkok) PCL,NULL,NULL,NULL,NULL,NULL
NEX.BK,Nex Point PCL,NULL,NULL,NULL,NULL,NULL
NCAP.BK,Next Capital PCL,NULL,NULL,NULL,NULL,NULL
NFC.BK,NFC PCL,NULL,NULL,NULL,NULL,NULL
TIDLOR.BK,Ngern Tid Lor PCL,22.56031428,11.86463999,29.82350061,16.83152728,100
MNIT2u.BK,Nichada Thani Property Fund 2,NULL,NULL,NULL,NULL,NULL
NVD.BK,Nirvana Development PCL,46.1489468,21.66284469,52.72659392,62.58343367,100
NOBLE.BK,Noble Development PCL,NULL,NULL,NULL,NULL,NULL
NTV.BK,Nonthavej Hospital PCL,NULL,NULL,NULL,NULL,NULL
EGATIFu.BK,North Bangkok Power Plant Block 1 Infrastructure Fund Electricity Generating Authority of Thailand,NULL,NULL,NULL,NULL,NULL
NER.BK,North East Rubber PCL,NULL,NULL,NULL,NULL,NULL
NOVA.BK,Nova Empire PCL,NULL,NULL,NULL,NULL,NULL
NV.BK,Nova Organic PCL,NULL,NULL,NULL,NULL,NULL
NRF.BK,NR Instant Produce PCL,26.74369864,36.48341393,26.83586631,15.87076657,100
NSL.BK,NSL Foods PCL,NULL,NULL,NULL,NULL,NULL
NUSA.BK,Nusasiri PCL,NULL,NULL,NULL,NULL,NULL
OCC.BK,OCC PCL,NULL,NULL,NULL,NULL,NULL
OGC.BK,Ocean Glass PCL,NULL,NULL,NULL,NULL,NULL
OHTL.BK,OHTL PCL,NULL,NULL,NULL,NULL,NULL
OISHI.BK,Oishi Group PCL,NULL,NULL,NULL,NULL,NULL
ONEE.BK,One Enterprise PCL,NULL,NULL,NULL,NULL,NULL
ORI.BK,Origin Property PCL,54.32961325,45.71837198,75.8417522,38.99046031,100
OSP.BK,Osotspa PCL,64.02518499,48.24077942,68.98102594,73.85323084,100
PAP.BK,Pacific Pipe PCL,NULL,NULL,NULL,NULL,NULL
PAF.BK,Pan Asia Footwear PCL,NULL,NULL,NULL,NULL,NULL
PJW.BK,Panjawattana Plastic PCL,NULL,NULL,NULL,NULL,NULL
PK.BK,Patkol PCL,NULL,NULL,NULL,NULL,NULL
PATO.BK,Pato Chemical Industry PCL,NULL,NULL,NULL,NULL,NULL
PCSGH.BK,PCS Machine Group Holding PCL,27.02240469,3.633655851,34.07374785,47.74019557,100
PEACE.BK,Peace & Living PCL,NULL,NULL,NULL,NULL,NULL
PG.BK,Peoples Garment PCL,NULL,NULL,NULL,NULL,NULL
PERM.BK,Permsin Steel Works PCL,NULL,NULL,NULL,NULL,NULL
PL.BK,Phatra Leasing PCL,NULL,NULL,NULL,NULL,NULL
PIN.BK,Pinthong Industrial Park PCL,NULL,NULL,NULL,NULL,NULL
PPFu.BK,Pinthong Industrial Park Property Fund,NULL,NULL,NULL,NULL,NULL
PLANB.BK,Plan B Media PCL,66.15636228,63.34117336,49.67935977,88.78947856,100
PLAT.BK,Platinum Group PCL,NULL,NULL,NULL,NULL,NULL
PTECH.BK,Plus Tech Innovation PCL,NULL,NULL,NULL,NULL,NULL
PMTA.BK,PM Thoresen Asia Holdings PCL,NULL,NULL,NULL,NULL,NULL
POLY.BK,Polynet PCL,NULL,NULL,NULL,NULL,NULL
PTL.BK,Polyplex Thailand PCL,NULL,NULL,NULL,NULL,NULL
INOX.BK,POSCO Thainox PCL,NULL,NULL,NULL,NULL,NULL
PLE.BK,Power Line Engineering PCL,NULL,NULL,NULL,NULL,NULL
PPPM.BK,PP Prime PCL,NULL,NULL,NULL,NULL,NULL
PRAKIT.BK,Prakit Holdings PCL,NULL,NULL,NULL,NULL,NULL
PDJ.BK,Pranda Jewelry PCL,NULL,NULL,NULL,NULL,NULL
PR9.BK,Praram 9 Hospital PCL,62.83058413,66.52361278,67.42561066,55.47003797,100
PREB.BK,Pre-Built PCL,NULL,NULL,NULL,NULL,NULL
PSL.BK,Precious Shipping PCL,NULL,NULL,NULL,NULL,NULL
PCC.BK,Precise Public Corp Co Ltd,NULL,NULL,NULL,NULL,NULL
PRECHA.BK,Preecha Group PCL,NULL,NULL,NULL,NULL,NULL
PM.BK,Premier Marketing PCL,38.11173904,38.20901678,46.57705219,24.53644531,100
PPP.BK,Premier Products PCL,28.89243429,27.78537432,35.4025998,21.34883147,100
PQS.BK,Premier Quality Starch PCL,NULL,NULL,NULL,NULL,NULL
PT.BK,Premier Technology PCL,44.67047824,22.04086563,58.98804844,40.07687321,100
PB.BK,President Bakery PCL,NULL,NULL,NULL,NULL,NULL
PRG.BK,PRG Corporation PCL,NULL,NULL,NULL,NULL,NULL
PRM.BK,Prima Marine PCL,29.90506504,34.12778177,40.11885291,10.45228613,100
POPFu.BK,Prime Office Leasehold Property Fund,NULL,NULL,NULL,NULL,NULL
PRIME.BK,Prime Road Power PCL,NULL,NULL,NULL,NULL,NULL
PRINC.BK,Principal Capital PCL,NULL,NULL,NULL,NULL,NULL
PRIN.BK,Prinsiri PCL,NULL,NULL,NULL,NULL,NULL
PF.BK,Property Perfect PCL,NULL,NULL,NULL,NULL,NULL
PROSPECTu.BK,Prospect Logistics and Industrial Freehold and Leasehold Real Estate Investment Trust,NULL,NULL,NULL,NULL,NULL
PRTR.BK,PRTR Group PCL,NULL,NULL,NULL,NULL,NULL
PSH.BK,Pruksa Holding PCL,73.20835303,74.96398776,89.21084972,53.9084931,100
PTG.BK,PTG Energy PCL,63.84920545,54.1860265,71.92355499,63.62261122,100
PTTEP.BK,PTT Exploration and Production PCL,61.88644828,62.40315611,59.93275243,64.61270106,100
PTTGC.BK,PTT Global Chemical PCL,62.00643318,41.41156463,80.20681115,67.55117162,100
OR.BK,PTT Oil and Retail Business PCL,60.78437351,84.55575761,45.2718307,53.58371152,100
PTT.BK,PTT PCL,76.48735781,92.80192978,78.65997411,48.68481986,100
PYLON.BK,Pylon PCL,NULL,NULL,NULL,NULL,NULL
QTC.BK,QTC Energy PCL,NULL,NULL,NULL,NULL,NULL
Q-CON.BK,Quality Construction Products PCL,NULL,NULL,NULL,NULL,NULL
QHOPu.BK,Quality Hospitality Leasehold Property Fund,NULL,NULL,NULL,NULL,NULL
QHHRu.BK,Quality Houses Hotel and Residence Freehold and Leasehold Property Fund,NULL,NULL,NULL,NULL,NULL
QHPFu.BK,Quality Houses Leasehold Property Fund,NULL,NULL,NULL,NULL,NULL
QH.BK,Quality Houses PCL,29.62604177,4.241645244,23.7463382,60.63196567,100
RBF.BK,R&B Food Supply PCL,10.06876353,0,11.05793383,19.43533698,100
RABBIT.BK,Rabbit Holdings PCL,NULL,NULL,NULL,NULL,NULL
RML.BK,Raimon Land PCL,NULL,NULL,NULL,NULL,NULL
RJH.BK,Rajthanee Hospital PCL,NULL,NULL,NULL,NULL,NULL
RAM.BK,Ramkhamhaeng Hospital PCL,NULL,NULL,NULL,NULL,NULL
RATCH.BK,Ratch Group PCL,59.16674408,59.30476144,59.51418445,58.4804421,100
RPH.BK,Ratchaphruek Hospital PCL,NULL,NULL,NULL,NULL,NULL
THANI.BK,Ratchthani Leasing PCL,53.60719776,17.56102694,58.17274353,61.73535859,100
RCL.BK,Regional Container Lines PCL,19.60687422,0,31.53230883,27.63205829,100
RSP.BK,Rich Sport PCL,NULL,NULL,NULL,NULL,NULL
RICHY.BK,Richy Place 2002 PCL,NULL,NULL,NULL,NULL,NULL
RT.BK,Right Tunnelling PCL,NULL,NULL,NULL,NULL,NULL
ROCK.BK,Rockworth PCL,NULL,NULL,NULL,NULL,NULL
ROJNA.BK,Rojana Industrial Park PCL,NULL,NULL,NULL,NULL,NULL
KISS.BK,Rojukis International PCL,NULL,NULL,NULL,NULL,NULL
ROH.BK,Royal Orchid Hotel Thailand PCL,NULL,NULL,NULL,NULL,NULL
PLUS.BK,Royal Plus PCL,NULL,NULL,NULL,NULL,NULL
RPC.BK,RPCG PCL,NULL,NULL,NULL,NULL,NULL
RS.BK,RS PCL,71.16929026,51.25795904,71.52468959,77.33845821,100
SNJ.BK,S & J International Enterprises PCL,57.87034635,41.84313725,72.92827068,44.61825816,100
SNP.BK,S & P Syndicate PCL,53.25227605,70.632327,56.00515937,33.48090519,100
S11.BK,S 11 Group PCL,NULL,NULL,NULL,NULL,NULL
SHR.BK,S Hotels and Resorts PCL,NULL,NULL,NULL,NULL,NULL
SORKON.BK,S Khonkaen Foods PCL,NULL,NULL,NULL,NULL,NULL
SKN.BK,S Kijchai Enterprise PCL,NULL,NULL,NULL,NULL,NULL
SPACK.BK,S Pack & Print PCL,NULL,NULL,NULL,NULL,NULL
SPRIMEu.BK,S Prime Growth Leasehold REIT,NULL,NULL,NULL,NULL,NULL
SABINA.BK,Sabina PCL,58.34308341,50.74876853,52.68707234,73.61643666,100
SABUY.BK,Sabuy Technology PCL,NULL,NULL,NULL,NULL,NULL
SPI.BK,Saha Pathana Inter-Holding PCL,NULL,NULL,NULL,NULL,NULL
SPC.BK,Saha Pathanapibul PCL,NULL,NULL,NULL,NULL,NULL
SCG.BK,Sahacogen (Chonburi) PCL,33.23954329,28.46797405,50.1135818,19.41496095,100
SQ.BK,Sahakol Equipment PCL,NULL,NULL,NULL,NULL,NULL
SMIT.BK,Sahamit Machinery PCL,NULL,NULL,NULL,NULL,NULL
SMPC.BK,Sahamitr Pressure Container PCL,NULL,NULL,NULL,NULL,NULL
PORT.BK,Sahathai Terminal PCL,NULL,NULL,NULL,NULL,NULL
SUC.BK,Saha-Union PCL,NULL,NULL,NULL,NULL,NULL
SKE.BK,Sakol Energy PCL,NULL,NULL,NULL,NULL,NULL
SAK.BK,Saksiam Leasing PCL,44.14364886,8.248348873,33.02050521,73.82698898,100
SSPFu.BK,Sala @ Sathorn Property Fund,NULL,NULL,NULL,NULL,NULL
SLP.BK,Salee Printing PCL,NULL,NULL,NULL,NULL,NULL
SAMART.BK,Samart Corporation PCL,NULL,NULL,NULL,NULL,NULL
SDC.BK,Samart Digital PCL,NULL,NULL,NULL,NULL,NULL
SAMTEL.BK,Samart Telcoms PCL,NULL,NULL,NULL,NULL,NULL
SAM.BK,Samchai Steel Industries PCL,NULL,NULL,NULL,NULL,NULL
SAMCO.BK,Sammakorn PCL,NULL,NULL,NULL,NULL,NULL
SIRI.BK,Sansiri PCL,58.37017347,60.45898772,77.63042813,35.16470625,100
SAPPE.BK,SAPPE PCL,NULL,NULL,NULL,NULL,NULL
SAWANG.BK,Sawang Export PCL,NULL,NULL,NULL,NULL,NULL
SC.BK,SC Asset Corporation PCL,71.03773796,56.05047575,87.91908362,66.95594455,100
SCN.BK,Scan Inter PCL,NULL,NULL,NULL,NULL,NULL
SCB.BK,SCB X PCL,NULL,NULL,NULL,NULL,NULL
COTTO.BK,SCG Ceramics PCL,NULL,NULL,NULL,NULL,NULL
SCGP.BK,SCG Packaging PCL,66.33037988,73.0365445,59.62228012,67.41409651,100
SJWD.BK,SCGJWD Logistics PCL,42.51427074,17.22473311,55.05179517,56.56293415,100
SCI.BK,SCI Electric PCL,NULL,NULL,NULL,NULL,NULL
SEAFCO.BK,Seafco PCL,NULL,NULL,NULL,NULL,NULL
CFRESH.BK,Seafresh Industry PCL,69.15169598,68.45937504,66.96262861,73.69547096,100
SE-ED.BK,SE-Education PCL,NULL,NULL,NULL,NULL,NULL
SENA.BK,Sena Development PCL,NULL,NULL,NULL,NULL,NULL
SSP.BK,Sermsang Power Corporation PCL,NULL,NULL,NULL,NULL,NULL
SSC.BK,Sermsuk PCL,NULL,NULL,NULL,NULL,NULL
7UP.BK,Seven Utilities and Power PCL,NULL,NULL,NULL,NULL,NULL
SGC.BK,SG Capital PCL,NULL,NULL,NULL,NULL,NULL
SHANG.BK,Shangri-La Hotel PCL,NULL,NULL,NULL,NULL,NULL
SCC.BK,Siam Cement PCL,84.38953864,90.05333861,84.40855292,76.05168102,100
SCCC.BK,Siam City Cement PCL,61.62159075,47.49225411,70.67800867,73.65286654,100
SFP.BK,Siam Food Products PCL,NULL,NULL,NULL,NULL,NULL
GLOBAL.BK,Siam Global House PCL,37.00408681,40.58328318,40.3156317,31.53499429,100
MAKRO.BK,Siam Makro PCL,74.06744526,82.27684016,79.52707908,61.37167732,100
SPG.BK,Siam Pan Group PCL,NULL,NULL,NULL,NULL,NULL
SIAM.BK,Siam Steel International PCL,NULL,NULL,NULL,NULL,NULL
SSSC.BK,Siam Steel Service Center PCL,NULL,NULL,NULL,NULL,NULL
STECH.BK,Siam Technic Concrete PCL,NULL,NULL,NULL,NULL,NULL
SA.BK,Siamese Asset PCL,NULL,NULL,NULL,NULL,NULL
SGP.BK,Siamgas and Petrochemicals PCL,15.96185205,0,6.154270509,56.86275548,100
SO.BK,Siamrajathanee PCL,NULL,NULL,NULL,NULL,NULL
SKR.BK,Sikarin PCL,NULL,NULL,NULL,NULL,NULL
SINGER.BK,Singer Thailand PCL,33.14354541,26.60356477,30.36440654,46.04766756,100
S.BK,Singha Estate PCL,76.70249792,79.47977219,73.05952588,78.02506869,100
STEC.BK,Sino Thai Engineering and Construction PCL,38.343542,11.82429127,54.74358906,52.87487265,100
SIRIPu.BK,Siri Prime Office Property Fund,NULL,NULL,NULL,NULL,NULL
SIS.BK,SIS Distribution Thailand PCL,NULL,NULL,NULL,NULL,NULL
SISB.BK,SISB PCL,NULL,NULL,NULL,NULL,NULL
SKY.BK,Sky ICT PCL,NULL,NULL,NULL,NULL,NULL
SNC.BK,SNC Former PCL,36.49057796,16.71231876,36.26856297,60.51557531,100
SOLAR.BK,Solartron PCL,NULL,NULL,NULL,NULL,NULL
SAT.BK,Somboon Advance Technology PCL,51.81843096,37.9981212,49.02532632,75.93065975,100
SCP.BK,Southern Concrete Pile PCL,NULL,NULL,NULL,NULL,NULL
SPCG.BK,SPCG PCL,NULL,NULL,NULL,NULL,NULL
SRIPANWAu.BK,Sri Panwa Hospitality REIT,NULL,NULL,NULL,NULL,NULL
STA.BK,Sri Trang Agro Industry PCL,68.47658223,52.19565687,76.69081854,77.26004137,100
STGT.BK,Sri Trang Gloves (Thailand) PCL,84.01975188,72.65020652,86.02203232,86.68920379,100
SNNP.BK,Srinanaporn Marketing PCL,NULL,NULL,NULL,NULL,NULL
SRICHA.BK,Sriracha Construction PCL,NULL,NULL,NULL,NULL,NULL
SCAP.BK,Srisawad Capital 1969 PCL,NULL,NULL,NULL,NULL,NULL
SAWAD.BK,Srisawad Corporation PCL,21.3183639,15.4712186,16.84290652,29.82340774,100
SITHAI.BK,Srithai Superware PCL,NULL,NULL,NULL,NULL,NULL
VIH.BK,Srivichai vejvivat PCL,NULL,NULL,NULL,NULL,NULL
SM.BK,Star Money PCL,NULL,NULL,NULL,NULL,NULL
SPRC.BK,Star Petroleum Refining PCL,34.69395228,51.03694891,62.7576298,55.72936927,12.32876712
SFLEX.BK,Starflex PCL,NULL,NULL,NULL,NULL,NULL
SMT.BK,Stars Microelectronics Thailand PCL,NULL,NULL,NULL,NULL,NULL
THE.BK,Steel PCL,NULL,NULL,NULL,NULL,NULL
STI.BK,Stonehenge Inter PCL,NULL,NULL,NULL,NULL,NULL
STPI.BK,STP&I PCL,NULL,NULL,NULL,NULL,NULL
SHREITu.BK,Strategic Hospitality Extendable Freehold and Leasehold Real Estate Investment Trust,NULL,NULL,NULL,NULL,NULL
SST.BK,Sub Sri Thai PCL,NULL,NULL,NULL,NULL,NULL
SSTRTu.BK,Sub Sri Thai Real Estate Investment Trust,NULL,NULL,NULL,NULL,NULL
SCM.BK,Successmore Being PCL,NULL,NULL,NULL,NULL,NULL
SVT.BK,Sun Vending Technology PCL,NULL,NULL,NULL,NULL,NULL
SUN.BK,Sunsweet PCL,NULL,NULL,NULL,NULL,NULL
SPALI.BK,Supalai PCL,36.65013664,8.093254144,59.60650474,39.00311815,100
SUPER.BK,Super Energy Corporation PCL,14.10527304,10.83295914,11.14203022,23.52042234,100
SUPEREIFu.BK,Super Energy Power Plant Infrastructure Fund,NULL,NULL,NULL,NULL,NULL
SSF.BK,Surapon Foods PCL,NULL,NULL,NULL,NULL,NULL
SUSCO.BK,Susco PCL,NULL,NULL,NULL,NULL,NULL
SVI.BK,SVI PCL,NULL,NULL,NULL,NULL,NULL
SVOA.BK,SVOA PCL,NULL,NULL,NULL,NULL,NULL
SYMC.BK,Symphony Communication PCL,NULL,NULL,NULL,NULL,NULL
ASAP.BK,Synergetic Auto Performance PCL,NULL,NULL,NULL,NULL,NULL
SYNEX.BK,Synnex (Thailand) PCL,27.70057624,10.40430645,33.19325683,32.318854,100
SYNTEC.BK,Syntec Construction PCL,37.60991366,25.9102307,48.91610454,38.41205125,100
TTLPFu.BK,Talaad Thai Leasehold Property Fund,NULL,NULL,NULL,NULL,NULL
TKN.BK,Taokaenoi Food & Marketing PCL,44.77450663,43.77219591,44.09556626,47.05010651,100
TSTH.BK,Tata Steel Thailand PCL,51.92037942,50.02854226,62.62948455,37.08097928,100
TCJ.BK,TCJ Asia PCL,NULL,NULL,NULL,NULL,NULL
TCMC.BK,TCM Corporation PCL,NULL,NULL,NULL,NULL,NULL
TEAMG.BK,TEAM Consulting Engineering and Management PCL,NULL,NULL,NULL,NULL,NULL
TEAM.BK,Team Precision PCL,NULL,NULL,NULL,NULL,NULL
TEKA.BK,Teka Construction PCL,NULL,NULL,NULL,NULL,NULL
TGE.BK,Thachang Green Energy PCL,NULL,NULL,NULL,NULL,NULL
TAE.BK,Thai Agro Energy PCL,NULL,NULL,NULL,NULL,NULL
TCC.BK,Thai Capital Corporation PCL,NULL,NULL,NULL,NULL,NULL
TCCC.BK,Thai Central Chemical PCL,NULL,NULL,NULL,NULL,NULL
TCOAT.BK,Thai Coating Industrial PCL,NULL,NULL,NULL,NULL,NULL
TEGH.BK,Thai Eastern Group Holdings PCL,NULL,NULL,NULL,NULL,NULL
3K-BAT.BK,Thai Energy Storage Technology PCL,NULL,NULL,NULL,NULL,NULL
TFI.BK,Thai Film Industries PCL,NULL,NULL,NULL,NULL,NULL
TGH.BK,Thai Group Holdings PCL,NULL,NULL,NULL,NULL,NULL
TIF1u.BK,Thai Industrial Fund 1,NULL,NULL,NULL,NULL,NULL
TLI.BK,Thai Life Insurance PCL,NULL,NULL,NULL,NULL,NULL
TMD.BK,Thai Metal Drum Manufacturing PCL,NULL,NULL,NULL,NULL,NULL
TNPC.BK,Thai Nam Plastic PCL,NULL,NULL,NULL,NULL,NULL
TNR.BK,Thai Nippon Rubber Industry PCL,NULL,NULL,NULL,NULL,NULL
TOP.BK,Thai Oil PCL,74.75167826,69.63908489,76.54145477,79.05838041,100
TOPP.BK,Thai OPP PCL,NULL,NULL,NULL,NULL,NULL
TOG.BK,Thai Optical Group PCL,51.11478233,55.46001883,74.71034718,18.01951159,100
TPP.BK,Thai Packaging & Printing PCL,NULL,NULL,NULL,NULL,NULL
TPAC.BK,Thai Plaspac PCL,NULL,NULL,NULL,NULL,NULL
TPA.BK,Thai Poly Acrylic PCL,NULL,NULL,NULL,NULL,NULL
TPOLY.BK,Thai Polycons PCL,NULL,NULL,NULL,NULL,NULL
TFMAMA.BK,Thai President Foods PCL,59.17805338,58.14361489,65.41350237,49.5424655,100
TR.BK,Thai Rayon PCL,NULL,NULL,NULL,NULL,NULL
THRE.BK,Thai Reinsurance PCL,NULL,NULL,NULL,NULL,NULL
TRUBB.BK,Thai Rubber Latex Group PCL,NULL,NULL,NULL,NULL,NULL
TRU.BK,Thai Rung Union Car PCL,NULL,NULL,NULL,NULL,NULL
TSI.BK,Thai Setakij Insurance PCL,NULL,NULL,NULL,NULL,NULL
TSE.BK,Thai Solar Energy PCL,NULL,NULL,NULL,NULL,NULL
STANLY.BK,Thai Stanley Electric PCL,NULL,NULL,NULL,NULL,NULL
TSC.BK,Thai Steel Cable PCL,36.56097457,5.419872867,51.44249744,54.77725294,100
TSTE.BK,Thai Sugar Terminal PCL,NULL,NULL,NULL,NULL,NULL
TTI.BK,Thai Textile Industry PCL,NULL,NULL,NULL,NULL,NULL
TFM.BK,Thai Union Feedmill PCL,NULL,NULL,NULL,NULL,NULL
TU.BK,Thai Union Group PCL,66.34484056,63.14971715,76.62544364,52.09687876,71.42857143
TVO.BK,Thai Vegetable Oil PCL,61.24153602,53.95945815,66.29538281,60.5198975,100
WACOAL.BK,Thai Wacoal PCL,NULL,NULL,NULL,NULL,NULL
TWPC.BK,Thai Wah PCL,66.03799184,49.99096696,65.45840417,84.6911179,100
TWP.BK,Thai Wire Products PCL,NULL,NULL,NULL,NULL,NULL
THCOM.BK,Thaicom PCL,56.34541546,35.73685068,53.90412332,77.04146213,100
TFG.BK,Thaifoods Group PCL,42.03736545,21.89825752,41.00816217,65.96861873,100
TGPRO.BK,Thai-German Products PCL,NULL,NULL,NULL,NULL,NULL
TFFIFu.BK,Thailand Future Fund,NULL,NULL,NULL,NULL,NULL
TLHPFu.BK,Thailand Hospitality Property Fund,NULL,NULL,NULL,NULL,NULL
TPRIMEu.BK,Thailand Prime Property Freehold and Leasehold Real Estate Investment Trust,NULL,NULL,NULL,NULL,NULL
THREL.BK,Thaire Life Assurance PCL,52.35756672,0,53.97041132,67.92843691,100
SAUCE.BK,Thaitheparos PCL,NULL,NULL,NULL,NULL,NULL
TVI.BK,Thaivivat Insurance PCL,NULL,NULL,NULL,NULL,NULL
TCAP.BK,Thanachart Capital PCL,36.62764995,23.71650835,47.57262849,26.71235837,100
THIP.BK,Thantawan Industry PCL,39.19332379,30.64065791,34.08424277,60.96446544,100
TNL.BK,Thanulux PCL,63.22034626,70.97440423,61.13603629,62.16541632,100
SBNEXT.BK,Thiensurat PCL,NULL,NULL,NULL,NULL,NULL
TK.BK,Thitikorn PCL,NULL,NULL,NULL,NULL,NULL
THG.BK,Thonburi Healthcare Group PCL,NULL,NULL,NULL,NULL,NULL
KDH.BK,Thonburi Medical Centre PCL,NULL,NULL,NULL,NULL,NULL
TTA.BK,Thoresen Thai Agencies PCL,53.59967415,58.48528685,65.36949598,32.43617054,100
TASCO.BK,TIPCO Asphalt PCL,67.43627606,68.34555624,76.89298156,52.32780711,100
TIPCO.BK,Tipco Foods PCL,58.54458071,48.69353343,62.33057902,62.83936896,100
TISCO.BK,TISCO Financial Group PCL,63.02841202,77.22243377,80.10506123,33.82297552,100
TKT.BK,TKrungthai Industries PCL,NULL,NULL,NULL,NULL,NULL
TKS.BK,TKS Technologies PCL,NULL,NULL,NULL,NULL,NULL
TTB.BK,TMBThanachart Bank PCL,59.82989182,36.64687152,73.396575,50.41122534,100
TMT.BK,TMT Steel PCL,48.99477493,53.41841428,37.84559522,60.92649193,100
TOA.BK,TOA Paint Thailand PCL,56.23485292,56.21273014,46.27578556,73.14902288,64.42307692
TH.BK,Tong Hua Holding PCL,NULL,NULL,NULL,NULL,NULL
TTT.BK,Toray Textiles (Thailand) PCL,NULL,NULL,NULL,NULL,NULL
TPBI.BK,TPBI PCL,NULL,NULL,NULL,NULL,NULL
TPCS.BK,Tpcs PCL,45.27586974,50.82623209,44.18412334,43.78037109,100
TPIPL.BK,TPI Polene PCL,NULL,NULL,NULL,NULL,NULL
TPIPP.BK,TPI Polene Power PCL,52.79441649,51.27316583,66.07519855,38.11552592,100
TQM.BK,TQM Alpha PCL,50.33432966,14.94736656,47.32932331,65.63582477,100
TRC.BK,TRC Construction PCL,NULL,NULL,NULL,NULL,NULL
TNPFu.BK,Trinity Freehold and Leasehold Property Fund,NULL,NULL,NULL,NULL,NULL
TNITY.BK,Trinity Watthana PCL,NULL,NULL,NULL,NULL,NULL
III.BK,Triple i Logistics PCL,NULL,NULL,NULL,NULL,NULL
TRITN.BK,Triton Holding PCL,NULL,NULL,NULL,NULL,NULL
TC.BK,Tropical Canning Thailand PCL,NULL,NULL,NULL,NULL,NULL
TRUE.BK,True Corporation PCL,NULL,NULL,NULL,NULL,NULL
TTCL.BK,TTCL PCL,51.26841843,43.54192531,76.75515121,26.97045476,100
TTW.BK,TTW PCL,36.84505405,18.41899551,39.53867303,64.92204625,100
TU-PFu.BK,TU Dome Residential Complex Leasehold Property Fund,NULL,NULL,NULL,NULL,NULL
TKC.BK,Turnkey Communication Services PCL,NULL,NULL,NULL,NULL,NULL
TWZ.BK,TWZ Corporation PCL,NULL,NULL,NULL,NULL,NULL
TYCN.BK,Tycoons Worldwide Group Thailand PCL,NULL,NULL,NULL,NULL,NULL
UAC.BK,UAC Global PCL,43.18058045,14.21333686,63.36080582,60.16177333,100
UBE.BK,Ubon Bio Ethanol PCL,NULL,NULL,NULL,NULL,NULL
UMI.BK,Union Mosaic Industry PCL,NULL,NULL,NULL,NULL,NULL
UPF.BK,Union Pioneer PCL,NULL,NULL,NULL,NULL,NULL
UP.BK,Union Plastic PCL,NULL,NULL,NULL,NULL,NULL
UNIQ.BK,Unique Engineering and Construction PCL,NULL,NULL,NULL,NULL,NULL
UPOIC.BK,United Palm Oil Industry PCL,NULL,NULL,NULL,NULL,NULL
UTP.BK,United Paper PCL,NULL,NULL,NULL,NULL,NULL
UVAN.BK,Univanich Palm Oil PCL,NULL,NULL,NULL,NULL,NULL
UV.BK,Univentures PCL,NULL,NULL,NULL,NULL,NULL
UOBKH.BK,UOB Kay Hian Securities Thailand PCL,NULL,NULL,NULL,NULL,NULL
URBNPFu.BK,Urbana Property Fund Lease hold,NULL,NULL,NULL,NULL,NULL
VNG.BK,Vanachai Group PCL,NULL,NULL,NULL,NULL,NULL
VARO.BK,Varopakorn PCL,NULL,NULL,NULL,NULL,NULL
VRANDA.BK,Veranda Resort PCL,NULL,NULL,NULL,NULL,NULL
VGI.BK,VGI PCL,73.48487174,58.98097252,83.77059528,64.77663549,100
VIBHA.BK,Vibhavadi Medical Center PCL,NULL,NULL,NULL,NULL,NULL
VPO.BK,Vichitbhan Palmoil PCL,NULL,NULL,NULL,NULL,NULL
NEW.BK,Wattana Karnpaet PCL,NULL,NULL,NULL,NULL,NULL
WPH.BK,Wattanapat Hospital Trang PCL,NULL,NULL,NULL,NULL,NULL
WAVE.BK,Wave Entertainment PCL,NULL,NULL,NULL,NULL,NULL
WGE.BK,Well Graded Engineering PCL,NULL,NULL,NULL,NULL,NULL
WHABTu.BK,WHA Business Complex Freehold and Leasehold Real Estate Investment Trust,NULL,NULL,NULL,NULL,NULL
WHA.BK,WHA Corporation PCL,74.60401,80.58040955,96.47371143,44.7701522,100
WHAIRu.BK,WHA Industrial Leasehold Real Estate Investment Trust,NULL,NULL,NULL,NULL,NULL
WHARTu.BK,WHA Premium Growth Freehold and Leasehold Real Estate Investment Trust,NULL,NULL,NULL,NULL,NULL
WHAUP.BK,Wha Utilities and Power PCL,60.35484196,47.42647059,74.57565284,65.18909574,100
WICE.BK,WICE Logistics PCL,NULL,NULL,NULL,NULL,NULL
WIIK.BK,WIIK PCL,NULL,NULL,NULL,NULL,NULL
WORK.BK,Workpoint Entertainment PCL,NULL,NULL,NULL,NULL,NULL
WFX.BK,World Flex PCL,NULL,NULL,NULL,NULL,NULL
W.BK,WOW Factor PCL,NULL,NULL,NULL,NULL,NULL
WP.BK,WP Energy PCL,NULL,NULL,NULL,NULL,NULL
WIN.BK,Wyncoast Industrial Park PCL,NULL,NULL,NULL,NULL,NULL
XPG.BK,Xspring Capital PCL,NULL,NULL,NULL,NULL,NULL
ZEN.BK,Zen Corporation Group PCL,43.06580249,26.43946467,53.49840713,42.38059955,100
SSPFu.BK,NULL,NULL,NULL,NULL,NULL,NULL